,event,name,date,bouts,link
0,Contender Series 2020,Week 10,2020.08.25,0,/fightcenter/events/68353-contender-series-2020-week-10
1,Contender Series 2020,Week 9,2020.08.18,0,/fightcenter/events/68352-contender-series-2020-week-9
2,UFC Fight Night,,2020.08.15,1,/fightcenter/events/67159-ufc-on-espn
3,Contender Series 2020,Week 8,2020.08.11,0,/fightcenter/events/68351-contender-series-2020-week-8
4,Contender Series 2020,Week 7,2020.08.04,0,/fightcenter/events/68350-contender-series-2020-week-7
5,UFC Fight Night,,2020.08.01,1,/fightcenter/events/69945-ufc-fight-night
6,Contender Series 2020,Week 6,2020.07.28,0,/fightcenter/events/68349-contender-series-2020-week-6
7,UFC Fight Night,Whittaker vs. Till,2020.07.25,2,/fightcenter/events/69764-ufc-fight-night
8,Contender Series 2020,Week 5,2020.07.21,0,/fightcenter/events/68348-contender-series-2020-week-5
9,UFC Fight Night,Figueiredo vs. Benavidez 2,2020.07.18,3,/fightcenter/events/69705-ufc-fight-night
10,UFC Fight Night,,2020.07.15,2,/fightcenter/events/70017-ufc-fight-night
11,Contender Series 2020,Week 4,2020.07.14,0,/fightcenter/events/68347-contender-series-2020-week-4
12,UFC 251,,2020.07.11,3,/fightcenter/events/67725-ufc-252
13,Contender Series 2020,Week 3,2020.07.07,0,/fightcenter/events/68346-contender-series-2020-week-3
14,Contender Series 2020,Week 2,2020.06.30,0,/fightcenter/events/68345-contender-series-2020-week-2
15,UFC Fight Night,Poirier vs. Hooker,2020.06.27,4,/fightcenter/events/67596-ufc-on-espn
16,Contender Series 2020,Week 1,2020.06.23,1,/fightcenter/events/68344-contender-series-2020-week-1
17,UFC Fight Night,Blaydes vs. Volkov,2020.06.20,9,/fightcenter/events/67608-ufc-on-espn
18,UFC Fight Night,Eye vs. Calvillo,2020.06.13,7,/fightcenter/events/67562-ufc-on-espn
19,UFC 250,Nunes vs. Spencer,2020.06.06,12,/fightcenter/events/67364-ufc-251
20,UFC Fight Night,Woodley vs. Burns,2020.05.30,11,/fightcenter/events/69127-ufc-fight-night
21,UFC Fight Night,Overeem vs. Harris,2020.05.16,11,/fightcenter/events/67412-ufc-on-espn-33
22,UFC Fight Night,Smith vs. Teixeira,2020.05.13,10,/fightcenter/events/69126-ufc-fight-night
23,UFC 249,Ferguson vs. Gaethje,2020.05.09,11,/fightcenter/events/66312-ufc-250
24,UFC on ESPN+ 32 (cancelled),,2020.05.02,0,/fightcenter/events/67068-ufc-on-espn-32
25,UFC on ESPN+ 31,Smith vs. Teixeira (cancelled),2020.04.25,0,/fightcenter/events/66414-ufc-on-espn-31-smith-vs-teixeira
26,UFC 249,Ferguson vs. Gaethje (cancelled),2020.04.18,0,/fightcenter/events/64603-ufc-249
27,UFC on ESPN+ 30,Overeem vs. Harris (Cancelled),2020.04.11,0,/fightcenter/events/65431-ufc-on-espn-30
28,UFC on ESPN 8,N'Gannou vs. Rozenstruik (Cancelled),2020.03.28,0,/fightcenter/events/65131-ufc-on-espn-29
29,UFC on ESPN+ 29,Woodley vs. Edwards (Cancelled),2020.03.21,0,/fightcenter/events/64602-ufc-on-espn-27
30,UFC on ESPN+ 28,Lee vs. Oliveira,2020.03.14,12,/fightcenter/events/64600-ufc-on-espn-26
31,UFC 248,Adesanya vs. Romero,2020.03.07,11,/fightcenter/events/64599-ufc-248
33,UFC on ESPN+ 27,Benavidez vs. Figueiredo,2020.02.29,12,/fightcenter/events/65142-ufc-on-espn-27
34,UFC on ESPN+ 26,Felder vs. Hooker,2020.02.22,12,/fightcenter/events/64478-ufc-on-espn
35,UFC on ESPN+ 25,Anderson vs. Błachowicz 2,2020.02.15,13,/fightcenter/events/64635-ufc-on-espn
36,UFC 247,Jones vs. Reyes,2020.02.08,12,/fightcenter/events/64388-ufc-on-espn
37,UFC on ESPN+ 24,Blaydes vs. Dos Santos,2020.01.25,12,/fightcenter/events/64361-ufc-on-espn-24
38,UFC 246,McGregor vs. Cerrone,2020.01.18,11,/fightcenter/events/63997-ufc-fight-night
41,UFC on ESPN+ 23,Edgar vs. Korean Zombie,2019.12.21,13,/fightcenter/events/60327-ufc-on-espn-23
42,UFC 245,Usman vs. Covington,2019.12.14,13,/fightcenter/events/60326-ufc-245
43,UFC on ESPN 7,Overeem vs. Rozenstruik,2019.12.07,12,/fightcenter/events/60325-ufc-on-espn-6
44,UFC on ESPN+ 22,Blachowicz vs. Jacare,2019.11.16,12,/fightcenter/events/60323-ufc-on-espn-21
45,UFCA Combat 1,,2019.11.09,9,/fightcenter/events/64269-ufca-combat-1
46,UFC on ESPN+ 21,Magomedsharipov vs. Kattar,2019.11.09,13,/fightcenter/events/61626-ufc-on-espn-21
47,UFC 244,Masvidal vs. Diaz,2019.11.02,12,/fightcenter/events/60322-ufc-244
48,UFC on ESPN+ 20,Maia vs. Askren,2019.10.26,11,/fightcenter/events/60321-ufc-on-espn-20
50,UFC on ESPN 6,Reyes vs. Weidman,2019.10.18,13,/fightcenter/events/60320-ufc-on-espn-2
51,UFC on ESPN+ 19,Joanna vs. Waterson,2019.10.12,14,/fightcenter/events/60319-ufc-on-espn-19
52,UFC 243,Whittaker vs. Adesanya,2019.10.05,11,/fightcenter/events/60318-ufc-243
54,UFC on ESPN+ 18,Hermansson vs. Cannonier,2019.09.28,13,/fightcenter/events/60317-ufc-on-espn-18
55,UFC on ESPN+ 17,Rodriguez vs. Stephens,2019.09.21,12,/fightcenter/events/60316-ufc-on-espn-17
56,UFC on ESPN+ 16,Cowboy vs. Gaethje,2019.09.14,12,/fightcenter/events/60315-ufc-on-espn-16
57,UFC 242,Khabib vs. Poirier,2019.09.07,13,/fightcenter/events/60004-ufc-242
58,UFC on ESPN+ 15,Andrade vs. Zhang,2019.08.31,11,/fightcenter/events/60314-ufc-on-espn-15
59,Contender Series 2019,Week 10,2019.08.27,5,/fightcenter/events/61011-dw-s-contender-series-week-10
60,Contender Series 2019,Week 9,2019.08.20,5,/fightcenter/events/60000-dw-s-contender-series-2019-week-10
61,UFC 241,Cormier vs. Miocic 2,2019.08.17,12,/fightcenter/events/59522-ufc-241
63,Contender Series 2019,Week 8,2019.08.13,5,/fightcenter/events/59999-dw-s-contender-series-2019-week-9
64,UFC on ESPN+ 14,Shevchenko vs. Carmouche 2,2019.08.10,13,/fightcenter/events/60313-ufc-on-espn-14
65,Contender Series 2019,Week 7,2019.08.06,5,/fightcenter/events/59998-dw-s-contender-series-2019-week-8
66,UFC on ESPN 5,Covington vs. Lawler,2019.08.03,12,/fightcenter/events/60312-ufc-on-espn-5-covington-vs-lawler
67,Contender Series 2019,Week 6,2019.07.30,5,/fightcenter/events/59499-dw-s-contender-series-2019-week-7
68,UFC 240,Holloway vs. Edgar,2019.07.27,11,/fightcenter/events/59521-ufc-240
69,Contender Series 2019,Week 5,2019.07.23,5,/fightcenter/events/59498-dw-s-contender-series-2019-week-6
70,UFC on ESPN 4,Dos Anjos vs. Edwards,2019.07.20,13,/fightcenter/events/60311-ufc-on-espn-4
72,Contender Series 2019,Week 4,2019.07.16,5,/fightcenter/events/59497-dw-s-contender-series-2019-week-5
73,UFC on ESPN+ 13,De Randamie vs. Ladd,2019.07.13,12,/fightcenter/events/59896-ufc-on-espn-13
75,Contender Series 2019,Week 3,2019.07.09,5,/fightcenter/events/59496-dw-s-contender-series-2019-week-4
76,UFC 239,Jones vs. Santos,2019.07.06,12,/fightcenter/events/58831-ufc-239
77,UFC on ESPN 3,N'Gannou vs. Dos Santos,2019.06.29,12,/fightcenter/events/57513-ufc-on-espn-4
78,Contender Series 2019,Week 2,2019.06.25,5,/fightcenter/events/59494-dw-s-contender-series-2019-week-2
79,UFC on ESPN+ 12,Moicano vs. Korean Zombie,2019.06.22,11,/fightcenter/events/57512-ufc-on-espn-11
80,Contender Series 2019,Week 1,2019.06.18,4,/fightcenter/events/59493-dw-s-contender-series-2019-week-1
81,UFC 238,Cejudo vs. Moraes,2019.06.08,13,/fightcenter/events/58449-ufc-238
82,UFC on ESPN+ 11,Gustafsson vs. Smith,2019.06.01,12,/fightcenter/events/57510-ufc-on-espn-10
85,UFC on ESPN+ 10,Dos Anjos vs. Lee,2019.05.18,13,/fightcenter/events/57509-ufc-on-espn-9
86,UFC 237,Namajunas vs. Andrade,2019.05.11,12,/fightcenter/events/57508-ufc-237
87,UFC on ESPN+ 9,Iaquinta vs. Cowboy,2019.05.04,12,/fightcenter/events/57507-ufc-on-espn-8
89,UFC on ESPN+ 8,Jacare vs. Hermansson,2019.04.27,13,/fightcenter/events/57506-ufc-on-espn-3
91,UFC on ESPN+ 7,Overeem vs. Oleinik,2019.04.20,11,/fightcenter/events/57505-ufc-on-espn-7
92,UFC 236,Holloway vs. Poirier 2,2019.04.13,13,/fightcenter/events/57504-ufc-236
93,UFC on ESPN 2,Barboza vs. Gaethje,2019.03.30,13,/fightcenter/events/56354-ufc-fight-night-150
94,UFC on ESPN+ 6,Thompson vs. Pettis,2019.03.23,12,/fightcenter/events/56353-ufc-fight-night-149
95,UFC on ESPN+ 5,Till vs. Masvidal,2019.03.16,12,/fightcenter/events/56327-ufc-fight-night
96,UFC on ESPN+ 4,Lewis vs. Dos Santos,2019.03.09,13,/fightcenter/events/56352-ufc-fight-night-147
97,UFC 235,Jones vs. Smith,2019.03.02,12,/fightcenter/events/56351-ufc-235
99,UFC on ESPN+ 3,Błachowicz vs. Santos,2019.02.23,13,/fightcenter/events/56350-ufc-fight-night-146
100,UFC on ESPN 1,N'Gannou vs. Velasquez,2019.02.17,12,/fightcenter/events/56349-ufc-fight-night-145
101,UFC 234,Silva vs. Adesanya,2019.02.09,11,/fightcenter/events/56334-ufc-234
102,UFC on ESPN+ 2,Assunção vs. Moraes 2,2019.02.02,13,/fightcenter/events/56348-ufc-fight-night-144
103,UFC 233,,2019.01.26,0,/fightcenter/events/56262-ufc-233
104,UFC on ESPN+ 1,Cejudo vs. Dillashaw,2019.01.19,13,/fightcenter/events/55048-ufc-fight-night
106,UFC 232,Jones vs. Gustafsson 2,2018.12.29,13,/fightcenter/events/49923-ufc-232
107,UFC on FOX 31,Lee vs. Iaquinta 2,2018.12.15,12,/fightcenter/events/54138-ufc-fight-night-143
108,UFC 231,Holloway vs. Ortega,2018.12.08,13,/fightcenter/events/54119-ufc-231
109,UFC Fight Night 142,Dos Santos vs. Tuivasa,2018.12.01,12,/fightcenter/events/54137-ufc-fight-night-142
111,UFC Fight Night 141,Blaydes vs. N'Gannou 2,2018.11.24,12,/fightcenter/events/54135-ufc-fight-night-141
112,UFC Fight Night 140,Magny vs. Ponzinibbio,2018.11.17,12,/fightcenter/events/54134-ufc-fight-night-140
113,UFC Fight Night 139,Korean Zombie vs. Rodriguez,2018.11.10,12,/fightcenter/events/53520-ufc-fight-night
114,UFC 230,Cormier vs. Lewis,2018.11.03,12,/fightcenter/events/53519-ufc-230
115,UFC Fight Night 138,Volkan vs. Smith,2018.10.27,13,/fightcenter/events/53697-ufc-fight-night
117,UFC 229,Khabib vs. McGregor,2018.10.06,12,/fightcenter/events/49922-ufc-229
119,UFC Fight Night 137,Santos vs. Anders,2018.09.22,14,/fightcenter/events/53984-ufc-fight-night-137
120,UFC Fight Night 136,Hunt vs. Oleinik,2018.09.15,12,/fightcenter/events/53264-ufc-fight-night
121,UFC 228,Woodley vs. Till,2018.09.08,13,/fightcenter/events/53597-ufc-228
123,UFC Fight Night 135,Gaethje vs. Vick,2018.08.25,13,/fightcenter/events/52393-ufc-fight-night
125,UFC 227,Dillashaw vs. Garbrandt 2,2018.08.04,12,/fightcenter/events/52344-ufc-227
126,UFC on FOX 30,Alvarez vs. Poirier 2,2018.07.28,13,/fightcenter/events/52629-ufc-on-fox-30
128,UFC Fight Night 134,Shogun vs. Smith,2018.07.22,13,/fightcenter/events/52081-ufc-fight-night
130,UFC Fight Night 133,Dos Santos vs. Ivanov,2018.07.14,13,/fightcenter/events/52391-ufc-fight-night-133
131,UFC 226,Miocic vs. Cormier,2018.07.07,11,/fightcenter/events/49921-ufc-226
133,UFC Fight Night 132,Cowboy vs. Edwards,2018.06.23,13,/fightcenter/events/51323-ufc-fight-night
135,UFC 225,Whittaker vs. Romero 2,2018.06.09,13,/fightcenter/events/50751-ufc-225
136,UFC Fight Night 131,Rivera vs. Moraes,2018.06.01,12,/fightcenter/events/50754-ufc-fight-night
137,UFC Fight Night 130,Thompson vs. Till,2018.05.27,11,/fightcenter/events/51805-ufc-fight-night
138,UFC Fight Night 129,Maia vs. Usman,2018.05.19,13,/fightcenter/events/50992-ufc-fight-night
139,UFC 224,Nunes vs. Pennington,2018.05.12,13,/fightcenter/events/50243-ufc-224
140,UFC Fight Night 128,Barboza vs. Lee,2018.04.21,11,/fightcenter/events/50670-ufc-fight-night
141,UFC on FOX 29,Poirier vs. Gaethje,2018.04.14,14,/fightcenter/events/50283-ufc-fight-night
143,UFC 223,Khabib vs. Iaquinta,2018.04.07,9,/fightcenter/events/50149-ufc-223
144,UFC Fight Night 127,Werdum vs. Volkov,2018.03.17,10,/fightcenter/events/49029-ufc-fight-night-129
145,UFC 222,Cyborg vs. Kunitskaya,2018.03.03,12,/fightcenter/events/48689-ufc-222
147,UFC on FOX 28,Emmett vs. Stephens,2018.02.24,12,/fightcenter/events/49028-ufc-fight-night-128
150,UFC Fight Night 126,Cowboy vs. Medeiros,2018.02.18,12,/fightcenter/events/49027-ufc-fight-night-127
153,UFC 221,Romero vs. Rockhold,2018.02.10,12,/fightcenter/events/48688-ufc-221
156,UFC Fight Night 125,Machida vs. Anders,2018.02.03,11,/fightcenter/events/48880-ufc-fight-night-125
157,UFC on FOX 27,Jacare vs. Brunson 2,2018.01.27,12,/fightcenter/events/49007-ufc-fight-night-125
158,UFC 220,Miocic vs. N'Gannou,2018.01.20,11,/fightcenter/events/48687-ufc-220
159,UFC Fight Night 124,Stephens vs. Choi,2018.01.14,11,/fightcenter/events/48676-ufc
160,UFC 219,Cyborg vs. Holm,2017.12.30,10,/fightcenter/events/47258-ufc-219
161,UFC on FOX 26,Lawler vs. Dos Anjos,2017.12.16,11,/fightcenter/events/47257-ufc-fight-night
162,UFC Fight Night 123,Swanson vs. Ortega,2017.12.09,13,/fightcenter/events/47256-ufc-fight-night
163,UFC 218,Holloway vs. Aldo 2,2017.12.02,13,/fightcenter/events/47255-ufc-218
165,UFC Fight Night 122,Bisping vs. Gastelum,2017.11.25,12,/fightcenter/events/47252-ufc-fight-night
167,UFC Fight Night 121,Werdum vs. Tybura,2017.11.18,13,/fightcenter/events/46847-ufc-fight-night
168,UFC Fight Night 120,Poirier vs. Pettis,2017.11.11,13,/fightcenter/events/47253-ufc-fight-night
169,UFC 217,Bisping vs. St. Pierre,2017.11.04,11,/fightcenter/events/46980-ufc
170,UFC Fight Night 119,Machida vs. Brunson,2017.10.28,12,/fightcenter/events/47279-ufc-fight-night-119
171,UFC Fight Night 118,Cowboy vs. Till,2017.10.21,11,/fightcenter/events/44729-ufc-fight-night
172,UFC 216,Ferguson vs. Lee,2017.10.07,11,/fightcenter/events/46805-ufc-216
173,UFC Fight Night 117,St. Preux vs. Okami,2017.09.22,10,/fightcenter/events/45800-ufc-fight-night
174,UFC Fight Night 116,Rockhold vs. Branch,2017.09.16,10,/fightcenter/events/46943-ufc-fight-night-116
175,UFC 215,Nunes vs. Shevchenko 2,2017.09.09,11,/fightcenter/events/44084-ufc-216
176,UFC Fight Night 115,Volkov vs. Struve,2017.09.02,12,/fightcenter/events/44728-ufc-fight-night
181,UFC Fight Night 114,Pettis vs. Moreno,2017.08.05,12,/fightcenter/events/45713-ufc-fight-night
184,UFC 214,Cormier vs. Jones 2,2017.07.29,12,/fightcenter/events/44395-ufc-214
187,UFC on FOX 25,Weidman vs. Gastelum,2017.07.22,13,/fightcenter/events/44942-ufc-fight-night
189,UFC Fight Night 113,Nelson vs. Ponzinibbio,2017.07.16,12,/fightcenter/events/44634-ufc-fight-night
190,UFC 213,Romero vs. Whittaker,2017.07.08,11,/fightcenter/events/44083-ufc-213
192,UFC Fight Night 112,Chiesa vs. Lee,2017.06.25,13,/fightcenter/events/44840-ufc-fight-night-112
193,UFC Fight Night 111,Holm vs. Correia,2017.06.17,12,/fightcenter/events/44376-ufc-fight-night
194,UFC Fight Night 110,Lewis vs. Hunt,2017.06.10,11,/fightcenter/events/44562-ufc-fight-night-110
195,UFC 212,Aldo vs. Holloway,2017.06.03,12,/fightcenter/events/44080-ufc-212
196,UFC Fight Night 109,Gustafsson vs. Teixeira,2017.05.28,12,/fightcenter/events/44414-ufc-fight-night
197,UFC 211,Miocic vs. Dos Santos 2,2017.05.13,12,/fightcenter/events/43945-ufc-211
199,UFC Fight Night 108,Swanson vs. Lobov,2017.04.22,13,/fightcenter/events/44240-ufc-fight-night-108
200,UFC on FOX 24,Johnson vs. Reis,2017.04.15,13,/fightcenter/events/43966-ufc-fight-night
201,UFC 210,Cormier vs. Johnson 2,2017.04.08,13,/fightcenter/events/43812-ufc-210
202,UFC Fight Night 107,Manuwa vs. Anderson,2017.03.18,11,/fightcenter/events/42681-ufc
203,UFC Fight Night 106,Belfort vs. Gastelum,2017.03.11,12,/fightcenter/events/42700-ufc-fight-night
204,UFC 209,Woodley vs. Thompson 2,2017.03.04,11,/fightcenter/events/42699-ufc-210
205,UFC Fight Night 106,,2017.03.03,0,/fightcenter/events/42708-ufc-fight-night
209,UFC Fight Night 105,Lewis vs. Browne,2017.02.19,11,/fightcenter/events/42677-ufc-fight-night
211,UFC 208,Holm vs. de Randamie,2017.02.11,10,/fightcenter/events/42698-ufc-209
215,UFC Fight Night 104,Bermudez vs. Korean Zombie,2017.02.04,12,/fightcenter/events/42635-ufc
218,UFC on FOX 23,Shevchenko vs. Peña,2017.01.28,12,/fightcenter/events/42697-ufc-on-fox-23
219,UFC 208,,2017.01.21,0,/fightcenter/events/42696-ufc-208
220,UFC Fight Night 103,Rodriguez vs. Penn,2017.01.15,12,/fightcenter/events/42582-ufc-fight-night
221,UFC 207,Nunes vs. Rousey,2016.12.30,10,/fightcenter/events/41373-ufc-207
223,UFC on FOX 22,VanZant vs. Waterson,2016.12.17,13,/fightcenter/events/41372-ufc-fight-night
224,UFC 206,Holloway vs. Pettis,2016.12.10,12,/fightcenter/events/41371-ufc-206
225,UFC Fight Night 102,Lewis vs. Abdurakhimov,2016.12.09,12,/fightcenter/events/41370-ufc-fight-night
227,UFC Fight Night 101,Whittaker vs. Brunson,2016.11.26,13,/fightcenter/events/41369-ufc-fight-night
228,UFC Fight Night 100,Bader vs. Nogueira 2,2016.11.19,12,/fightcenter/events/41368-ufc-fight-night
229,UFC Fight Night 99,Mousasi vs. Hall 2,2016.11.19,13,/fightcenter/events/41367-ufc-fight-night
230,UFC 205,Alvarez vs. McGregor,2016.11.12,11,/fightcenter/events/39362-ufc
231,UFC Fight Night 98,Dos Anjos vs. Ferguson,2016.11.05,13,/fightcenter/events/41075-ufc-fight-night
233,UFC Fight Night 97,,2016.10.15,0,/fightcenter/events/40499-ufc-fight-night
234,UFC 204,Bisping vs. Henderson 2,2016.10.08,11,/fightcenter/events/40792-ufc-204
235,UFC Fight Night 96,Lineker vs. Dodson,2016.10.01,12,/fightcenter/events/40949-ufc-fight-night
236,UFC Fight Night 95,Cyborg vs. Lansberg,2016.09.24,13,/fightcenter/events/40418-ufc-fight-night
237,UFC Fight Night 94,Poirier vs. Johnson,2016.09.17,12,/fightcenter/events/40816-ufc-fight-night-94
238,UFC 203,Miocic vs. Overeem,2016.09.10,10,/fightcenter/events/40102-ufc-203-miocic-vs-overeem
239,UFC Fight Night 93,Arlovski vs. Barnett,2016.09.03,11,/fightcenter/events/39753-ufc-fight-night
240,UFC on FOX 21,Maia vs. Condit,2016.08.27,10,/fightcenter/events/40403-ufc-on-fox-21
241,UFC 202,Diaz vs. McGregor 2,2016.08.20,12,/fightcenter/events/39739-ufc-202
244,UFC Fight Night 92,Caceres vs. Rodriguez,2016.08.06,12,/fightcenter/events/40152-ufc-fight-night-92
246,UFC 201,Lawler vs. Woodley,2016.07.30,11,/fightcenter/events/39712-ufc-201
249,UFC on FOX 20,Holm vs. Shevchenko,2016.07.23,11,/fightcenter/events/39076-ufc-on-fox-20
253,UFC Fight Night 91,McDonald vs. Lineker,2016.07.13,12,/fightcenter/events/39393-ufc-fight-night-91
255,UFC 200,Tate vs. Nunes,2016.07.09,12,/fightcenter/events/35220-ufc-200
257,UFC Fight Night 90,Dos Anjos vs. Alvarez,2016.07.07,12,/fightcenter/events/38670-ufc-fight-night
258,UFC Fight Night 89,MacDonald vs. Thompson,2016.06.18,13,/fightcenter/events/38667-ufc-fight-night
259,UFC 199,Rockhold vs. Bisping 2,2016.06.04,13,/fightcenter/events/38668-ufc-199-rockhold-vs-weidman-2
260,UFC Fight Night 88,Almeida vs. Garbrandt,2016.05.29,12,/fightcenter/events/38669-ufc-fight-night-88
261,UFC 198,Werdum vs. Miocic,2016.05.14,12,/fightcenter/events/37906-ufc-fight-night-87-jacare-vs-belfort
262,UFC Fight Night 87,Overeem vs. Arlovski,2016.05.08,13,/fightcenter/events/37671-ufc-fight-night
264,UFC 197,Jones vs. Saint Preux,2016.04.23,12,/fightcenter/events/36847-ufc-198
265,UFC on FOX 19,Teixeira vs. Evans,2016.04.16,11,/fightcenter/events/38076-ufc-on-fox-19
266,UFC Fight Night 86,Rothwell vs. Dos Santos,2016.04.10,13,/fightcenter/events/37670-ufc-fight-night-85
267,UFC Fight Night 85,Hunt vs. Mir,2016.03.19,12,/fightcenter/events/36756-ufc-fight-night
268,UFC 196,McGregor vs. Diaz,2016.03.05,12,/fightcenter/events/36627-ufc-197
271,UFC Fight Night 84,Silva vs. Bisping,2016.02.27,13,/fightcenter/events/35496-ufc-fight-night
274,UFC Fight Night 83,Cowboy vs. Cowboy,2016.02.21,13,/fightcenter/events/35520-ufc-fight-night-82
279,UFC Fight Night 82,Hendricks vs. Thompson,2016.02.06,12,/fightcenter/events/36542-ufc-196
282,UFC on FOX 18,Johnson vs. Bader,2016.01.30,13,/fightcenter/events/35501-ufc-on-fox-18
284,UFC Fight Night 81,Dillashaw vs. Cruz,2016.01.17,13,/fightcenter/events/35374-ufc-fight-night-pettis-vs-alvarez
285,UFC 195,Lawler vs. Condit,2016.01.02,12,/fightcenter/events/34862-ufc-195-rousey-vs-holm
286,UFC on FOX 17,Dos Anjos vs. Cowboy 2,2015.12.19,13,/fightcenter/events/34696-ufc-on-fox-17
288,UFC 194,Aldo vs. McGregor,2015.12.12,12,/fightcenter/events/34444-ufc-195-aldo-vs-mcgregor
290,UFC Fight Night 80,Namajunas vs. VanZant,2015.12.10,12,/fightcenter/events/35219-ufc-fight-night-80
291,UFC Fight Night 79,Henderson vs. Masvidal,2015.11.28,11,/fightcenter/events/32865-ufc-fight-night-83
292,UFC Fight Night 78,Magny vs. Gastelum,2015.11.21,13,/fightcenter/events/34434-ufc-fight-night
293,UFC 193,Rousey vs. Holm,2015.11.14,13,/fightcenter/events/30831-ufc-193
294,UFC Fight Night 77,Belfort vs. Henderson 3,2015.11.07,13,/fightcenter/events/34071-ufc-fight-night
295,UFC Fight Night 76,Holohan vs. Smolka,2015.10.24,10,/fightcenter/events/33860-ufc
297,UFC 192,Cormier vs. Gustafsson,2015.10.03,12,/fightcenter/events/31112-ufc-192
298,UFC Fight Night 75,Barnett vs. Nelson,2015.09.26,10,/fightcenter/events/32823-ufc-fight-night-78-nelson-vs-barnett
299,UFC 191,Johnson vs. Dodson 2,2015.09.05,11,/fightcenter/events/33167-ufc-191
302,UFC Fight Night 74,Holloway vs. Oliveira,2015.08.23,12,/fightcenter/events/33357-ufc-fight-night-74-holloway-vs-oliveira
307,UFC Fight Night 73,Teixeira vs. St. Preux,2015.08.08,13,/fightcenter/events/31106-ufc-fight-night
311,UFC 190,Rousey vs. Correia,2015.08.01,13,/fightcenter/events/31250-ufc-190-rousey-vs-correia
315,UFC on FOX 16,Dillashaw vs. Barao 2,2015.07.25,12,/fightcenter/events/29323-ufc-on-fox-16
317,UFC Fight Night 72,Bisping vs. Leites,2015.07.18,12,/fightcenter/events/29538-ufc-fight-night
321,UFC Fight Night 71,Mir vs. Duffee,2015.07.15,12,/fightcenter/events/31105-ufc-fight-night
323,UFC 189,Mendes vs. McGregor,2015.07.11,11,/fightcenter/events/26946-ufc-189
324,UFC Fight Night 70,Machida vs. Romero,2015.06.27,9,/fightcenter/events/30909-ufc-fight-night-70
325,UFC Fight Night 69,Jędrzejczyk vs. Penne,2015.06.20,11,/fightcenter/events/29537-ufc-fight-night
326,UFC 188,Velasquez vs. Werdum,2015.06.13,11,/fightcenter/events/29313-ufc-188-velasquez-vs-werdum
327,UFC Fight Night 68,Boetsch vs. Henderson,2015.06.06,12,/fightcenter/events/30065-ufc-fight-night-68-cormier-vs-bader
328,UFC Fight Night 67,Condit vs. Alves,2015.05.30,12,/fightcenter/events/30066-ufc-fight-night-67
329,UFC 187,Johnson vs. Cormier,2015.05.23,11,/fightcenter/events/29455-ufc-187-aldo-vs-mcgregor
334,UFC Fight Night 66,Edgar vs. Faber,2015.05.16,12,/fightcenter/events/29712-ufc-fight-night
335,UFC Fight Night 65,Miocic vs. Hunt,2015.05.09,12,/fightcenter/events/30291-ufc-fight-night-65-hunt-vs-miocic
336,UFC 186,Johnson vs. Horiguchi,2015.04.25,12,/fightcenter/events/28241-ufc-186
339,UFC on FOX 15,Machida vs. Rockhold,2015.04.18,11,/fightcenter/events/28240-ufc-fight-night-66
341,UFC Fight Night 64,Gonzaga vs. Cro Cop 2,2015.04.11,12,/fightcenter/events/28239-ufc-fight-night-65
344,UFC Fight Night 63,Mendes vs. Lamas,2015.04.04,10,/fightcenter/events/28238-ufc-fight-night-64
349,UFC Fight Night 62,Maia vs. LaFlare,2015.03.21,12,/fightcenter/events/28237-ufc-fight-night-62
350,UFC 185,Pettis vs. Dos Anjos,2015.03.14,12,/fightcenter/events/28236-ufc-185
351,UFC Fight Night 62,,2015.03.07,0,/fightcenter/events/28235-ufc-fight-night-61
354,UFC 184,Rousey vs. Zingano,2015.02.28,11,/fightcenter/events/27642-ufc-184-weidman-vs-belfort
357,UFC Fight Night 61,Bigfoot vs. Mir,2015.02.22,11,/fightcenter/events/28054-ufc-fight-night-61
361,UFC Fight Night 60,Henderson vs. Thatch,2015.02.14,10,/fightcenter/events/28035-ufc-fight-night-60
365,UFC 183,Silva vs. Diaz,2015.01.31,11,/fightcenter/events/25716-ufc-183-silva-vs-diaz
366,UFC on FOX 14,Gustafsson vs. Johnson,2015.01.24,12,/fightcenter/events/27583-ufc-on-fox-14-gustafsson-vs-evans
367,UFC Fight Night 59,McGregor vs. Siver,2015.01.18,12,/fightcenter/events/27634-ufc-fight-night
368,UFC 182,Jones vs. Cormier,2015.01.03,11,/fightcenter/events/23598-ufc-182-pettis-vs-melendez
369,UFC Fight Night 58,Machida vs. Dollaway,2014.12.20,12,/fightcenter/events/25634-ufc-fight-night
370,UFC on FOX 13,Dos Santos vs. Miocic,2014.12.13,12,/fightcenter/events/24669-ufc-on-fox-13
372,UFC 181,Hendricks vs. Lawler 2,2014.12.06,11,/fightcenter/events/22392-ufc-181
374,UFC Fight Night 57,Edgar vs. Swanson,2014.11.22,12,/fightcenter/events/23135-ufc-fight-night
375,UFC 180,Werdum vs. Hunt,2014.11.15,11,/fightcenter/events/24140-ufc-180-velasquez-vs-werdum
376,UFC Fight Night 56,Shogun vs. St. Preux,2014.11.08,10,/fightcenter/events/25633-ufc-fight-night
377,UFC Fight Night 55,Rockhold vs. Bisping,2014.11.07,11,/fightcenter/events/26376-ufc-fight-night-55
378,UFC 179,Aldo vs. Mendes 2,2014.10.25,11,/fightcenter/events/24353-ufc-179
379,UFC Fight Night 54,MacDonald vs. Saffiedine,2014.10.04,12,/fightcenter/events/22391-ufc-fight-night
380,UFC Fight Night 53,Nelson vs. Story,2014.10.04,11,/fightcenter/events/23133-ufc-fight-night
381,UFC 178,Johnson vs. Cariaso,2014.09.27,11,/fightcenter/events/22390-ufc-178
382,UFC Fight Night 52,Hunt vs. Nelson,2014.09.20,12,/fightcenter/events/23029-ufc
383,UFC Fight Night 51,Bigfoot vs. Arlovski 2,2014.09.13,11,/fightcenter/events/24352-ufc-fight-night
384,UFC Fight Night 50,Jacare vs. Mousasi 2,2014.09.05,9,/fightcenter/events/24825-ufc-fight-night-50
385,UFC 177,Dillashaw vs. Soto,2014.08.30,8,/fightcenter/events/24694-ufc-177-jones-vs-gustafsson-2
386,UFC Fight Night 49,Henderson vs. dos Anjos,2014.08.23,11,/fightcenter/events/23966-ufc-fight-night
387,UFC Fight Night 48,Bisping vs. Le,2014.08.23,10,/fightcenter/events/23028-ufc-fight-night
388,UFC Fight Night 47,Bader vs. St. Preux,2014.08.16,10,/fightcenter/events/24351-ufc-fight-night-47
392,UFC 176,,2014.08.02,0,/fightcenter/events/24065-ufc-176-aldo-vs-mendes-2
394,UFC on FOX 12,Lawler vs. Brown,2014.07.26,12,/fightcenter/events/23617-ufc-on-fox-12
397,UFC Fight Night 46,McGregor vs. Brandao,2014.07.19,10,/fightcenter/events/23131-ufc-fight-night
399,UFC Fight Night 45,Cerrone vs. Miller,2014.07.16,11,/fightcenter/events/23965-ufc-fight-night
404,UFC 175,Weidman vs. Machida,2014.07.05,10,/fightcenter/events/23324-ufc-175
405,UFC Fight Night 44,Swanson vs. Stephens,2014.06.28,11,/fightcenter/events/23349-ufc-fight-night
406,UFC Fight Night 43,Te Huna vs. Marquardt,2014.06.28,10,/fightcenter/events/23781-ufc-fight-night-45-te-huna-vs-marquardt
407,UFC 174,Johnson vs. Bagautinov,2014.06.14,11,/fightcenter/events/22389-ufc-174
408,UFC Fight Night 42,Henderson vs. Khabilov,2014.06.07,11,/fightcenter/events/23441-ufc-fight-night-henderson-vs-khabilov
409,UFC Fight Night,Miocic vs. Maldonado,2014.05.31,12,/fightcenter/events/22697-ufc-fight-night
410,UFC Fight Night 41,Munoz vs. Mousasi,2014.05.31,10,/fightcenter/events/23130-ufc-fight-night
411,UFC 173,Barao vs. Dillashaw,2014.05.24,12,/fightcenter/events/22469-ufc-173-weidman-vs-belfort
412,UFC Fight Night 40,Brown vs. Silva,2014.05.10,13,/fightcenter/events/22778-ufc-fight-night
413,UFC 172,Jones vs. Teixeira,2014.04.26,10,/fightcenter/events/21832-ufc-172-jones-vs-teixeira
414,UFC on FOX 11,Werdum vs. Browne,2014.04.19,13,/fightcenter/events/22127-ufc-on-fox-11
415,UFC Fight Night,Bisping vs. Kennedy,2014.04.16,13,/fightcenter/events/22061-tuf-nations-finale-canada-vs-australia
416,UFC Fight Night 39,Nogueira vs. Nelson,2014.04.11,8,/fightcenter/events/22403-ufc-fight-night-39-nogueira-vs-nelson
417,UFC Fight Night 38,Shogun vs. Henderson 2,2014.03.23,11,/fightcenter/events/22108-ufc-fight-night
418,UFC 171,Hendricks vs. Lawler,2014.03.15,13,/fightcenter/events/21513-ufc-171
419,UFC Fight Night 37,Gustafsson vs. Manuwa,2014.03.08,9,/fightcenter/events/21272-ufc-fight-night-gustafsson-vs-nogueira
420,UFC Fight Night,Kim vs. Hathaway,2014.03.01,8,/fightcenter/events/22007-the-ultimate-fighter-china-1-finale
421,UFC 170,Rousey vs. McMann,2014.02.22,11,/fightcenter/events/21249-ufc-170
422,UFC Fight Night 36,Machida vs. Mousasi,2014.02.15,12,/fightcenter/events/20593-ufc-fight-night
423,UFC 169,Barao vs. Faber 2,2014.02.01,12,/fightcenter/events/20975-ufc-169-jones-vs-teixeira
424,UFC on FOX 10,Henderson vs. Thomson,2014.01.25,11,/fightcenter/events/21248-ufc-on-fox-10
425,UFC Fight Night 35,Rockhold vs. Philippou,2014.01.15,12,/fightcenter/events/21505-ufc-fight-night-35
426,UFC Fight Night 34,Saffiedine vs. Lim,2014.01.04,10,/fightcenter/events/20473-ufc-singapore
427,UFC 168,Weidman vs. Silva 2,2013.12.28,11,/fightcenter/events/19667-ufc-168-rousey-vs-tate-2
428,UFC on FOX 9,Johnson vs. Benavidez 2,2013.12.14,11,/fightcenter/events/16683-ufc-on-fox-9
429,UFC Fight Night 33,Hunt vs. Bigfoot,2013.12.06,11,/fightcenter/events/20537-ufc-fight-night-hunt-vs-bigfoot
433,UFC 167,St. Pierre vs. Hendricks,2013.11.16,12,/fightcenter/events/19524-ufc-167-st-pierre-vs-hendricks
436,UFC Fight Night 32,Belfort vs. Henderson 2,2013.11.09,11,/fightcenter/events/20217-ufc
439,UFC Fight Night 31,Fight for the Troops 3,2013.11.06,13,/fightcenter/events/19692-ufc-fight-for-the-troops
443,UFC Fight Night 30,Machida vs. Munoz,2013.10.26,12,/fightcenter/events/19801-ufc-on-fox-sports-1-bisping-vs-munoz
445,UFC 166,Velasquez vs. Dos Santos 3,2013.10.19,13,/fightcenter/events/19525-ufc-166-velasquez-vs-dos-santos-3
447,UFC Fight Night 29,Maia vs. Shields,2013.10.09,10,/fightcenter/events/19846-ufc-on-fox-sports-1
448,UFC 165,Jones vs. Gustafsson,2013.09.21,13,/fightcenter/events/19128-ufc-165
449,UFC Fight Night 28,Teixeira vs. Bader,2013.09.04,11,/fightcenter/events/18971-ufc-on-fox-sports-1-2
450,UFC 164,Henderson vs. Pettis 2,2013.08.31,12,/fightcenter/events/18192-ufc-164
451,UFC Fight Night 27,Condit vs. Kampmann 2,2013.08.28,12,/fightcenter/events/19033-ufc-on-fox-sports-1-2
452,UFC Fight Night 26,Shogun vs. Sonnen,2013.08.17,13,/fightcenter/events/18384-ufc-on-fox-sports-1
453,UFC 163,Aldo vs. Korean Zombie,2013.08.03,12,/fightcenter/events/17693-ufc-aldo-vs-pettis
454,UFC on FOX 8,Johnson vs. Moraga,2013.07.27,12,/fightcenter/events/16682-ufc-on-fox-8
455,UFC 162,Silva vs. Weidman,2013.07.06,11,/fightcenter/events/17854-ufc-162-silva-vs-weidman
461,UFC 161,Evans vs. Henderson,2013.06.15,11,/fightcenter/events/17939-ufc-161
463,UFC on FUEL TV 10,Nogueira vs. Werdum 2,2013.06.08,12,/fightcenter/events/17915-ufc-on-fx-9-nogueira-vs-werdum
466,UFC 160,Velasquez vs. Silva 2,2013.05.25,12,/fightcenter/events/17601-ufc
467,UFC on FX 8,Belfort vs. Rockhold,2013.05.18,13,/fightcenter/events/17761-ufc-on-fx-8-belfort-vs-rockhold
468,UFC 159,Jones vs. Sonnen,2013.04.27,11,/fightcenter/events/16681-ufc-jones-vs-sonnen
469,UFC on FOX 7,Henderson vs. Melendez,2013.04.20,12,/fightcenter/events/16680-ufc-on-fox-7
471,UFC on FUEL TV 9,Mousasi vs. Latifi,2013.04.06,13,/fightcenter/events/17537-ufc-on-fuel-tv-9-gustafsson-vs-mousasi
472,UFC 158,St. Pierre vs. Diaz,2013.03.16,12,/fightcenter/events/17129-ufc-158
473,UFC on FUEL TV 8,Silva vs. Stann,2013.03.02,11,/fightcenter/events/16905-ufc-on-fuel-tv-8
474,UFC 157,Rousey vs. Carmouche,2013.02.23,12,/fightcenter/events/16791-ufc-157
475,UFC on FUEL TV 7,Barao vs. McDonald,2013.02.16,12,/fightcenter/events/16679-ufc-on-fuel-tv-7
476,UFC 156,Aldo vs. Edgar,2013.02.02,11,/fightcenter/events/16542-ufc-157
477,UFC on FOX 6,Johnson vs. Dodson,2013.01.26,11,/fightcenter/events/16667-ufc-on-fox-6
478,UFC on FX 7,Belfort vs. Bisping,2013.01.19,11,/fightcenter/events/16549-ufc-156
479,UFC 155,Dos Santos vs. Velasquez 2,2012.12.29,12,/fightcenter/events/15171-ufc-155-dos-santos-vs-velasquez-2
481,UFC on FX 6,Sotiropoulos vs. Pearson,2012.12.14,10,/fightcenter/events/15726-ufc-on-fx-6
483,UFC on FOX 5,Henderson vs. Diaz,2012.12.08,11,/fightcenter/events/14399-ufc-on-fox-5
488,UFC 154,St. Pierre vs. Condit,2012.11.17,12,/fightcenter/events/13141-ufc-154
492,UFC on FUEL TV 6,Franklin vs. Le,2012.11.10,9,/fightcenter/events/14619-ufc-on-fuel-tv-6
496,UFC 153,Silva vs. Bonnar,2012.10.13,12,/fightcenter/events/14431-ufc-153
497,UFC on FX 5,Browne vs. Silva,2012.10.05,10,/fightcenter/events/14104-ufc-on-fx-5
498,UFC on FUEL TV 5,Struve vs. Miocic,2012.09.29,11,/fightcenter/events/14292-ufc-153
499,UFC 152,Jones vs. Belfort,2012.09.22,12,/fightcenter/events/13140-ufc-152
503,UFC 151,Bones vs. Hendo,2012.09.01,0,/fightcenter/events/13825-ufc-151-jones-vs-henderson
509,UFC 150,Henderson vs. Edgar 2,2012.08.11,10,/fightcenter/events/13684-ufc-150
512,UFC on FOX 4,Shogun vs. Vera,2012.08.04,10,/fightcenter/events/12572-ufc-on-fox-4
513,UFC 149,Faber vs. Barao,2012.07.21,11,/fightcenter/events/12776-ufc-149
514,UFC on FUEL TV 4,Munoz vs. Weidman,2012.07.11,11,/fightcenter/events/13665-ufc-on-fuel-tv-4-munoz-vs-weidman
515,UFC 148,Silva vs. Sonnen 2,2012.07.07,11,/fightcenter/events/12574-ufc-148
516,UFC 147,Silva vs. Franklin 2,2012.06.23,11,/fightcenter/events/12573-ufc-147
517,UFC on FX 4,Guida vs. Maynard,2012.06.22,12,/fightcenter/events/13105-ufc-on-fx-4
518,UFC on FX 3,Johnson vs. McCall,2012.06.08,12,/fightcenter/events/12575-ufc-on-fx-3
520,UFC 146,Dos Santos vs. Mir,2012.05.26,12,/fightcenter/events/12168-ufc-146
521,UFC on FUEL TV 3,Korean Zombie vs. Poirier,2012.05.15,12,/fightcenter/events/12320-ufc-on-fx-3
522,UFC on FOX 3,Diaz vs. Miller,2012.05.05,12,/fightcenter/events/12189-ufc-on-fox
523,UFC 145,Jones vs. Evans,2012.04.21,12,/fightcenter/events/11785-ufc-145
524,UFC on FUEL TV 2,Silva vs. Gustafsson,2012.04.14,12,/fightcenter/events/12026-ufc-on-fuel-tv-2
526,UFC on FX 2,Alves vs. Kampmann,2012.03.02,11,/fightcenter/events/11619-ufc-on-fx-2
527,UFC 144,Edgar vs. Henderson,2012.02.25,12,/fightcenter/events/11293-ufc-144
528,UFC on FUEL TV 1,Ellenberger vs. Sanchez,2012.02.15,9,/fightcenter/events/11618-ufc-on-fuel-tv-1
529,UFC 143,Diaz vs. Condit,2012.02.04,11,/fightcenter/events/11221-ufc-143
530,UFC on FOX 2,Evans vs. Davis,2012.01.28,10,/fightcenter/events/11400-ufc-on-fox-2
531,UFC on FX 1,Guillard vs. Miller,2012.01.20,10,/fightcenter/events/11366-ufc-on-fx-1
532,UFC 142,Aldo vs. Mendes,2012.01.14,10,/fightcenter/events/11196-ufc-142
533,UFC 141,Lesnar vs. Overeem,2011.12.30,10,/fightcenter/events/10738-ufc-141
535,UFC 140,Jones vs. Machida,2011.12.10,12,/fightcenter/events/10374-ufc-140
537,UFC 139,Shogun vs. Henderson,2011.11.19,12,/fightcenter/events/9822-ufc-138
538,UFC on FOX 1,Velasquez vs. Dos Santos,2011.11.12,10,/fightcenter/events/10569-ufc-on-fox-1
539,UFC 138,Leben vs. Munoz,2011.11.05,10,/fightcenter/events/10235-ufc-138
540,UFC 137,Penn vs. Diaz,2011.10.29,11,/fightcenter/events/9660-ufc-137-st-pierre-vs-diaz
541,UFC 136,Edgar vs Maynard 3,2011.10.08,11,/fightcenter/events/9765-ufc-136
542,UFC on Versus 6,Cruz vs. Johnson,2011.10.01,10,/fightcenter/events/10195-ufc-on-versus-6
543,UFC 135,Jones vs. Rampage,2011.09.24,10,/fightcenter/events/9686-ufc-135
544,UFC Fight Night 25,Battle on the Bayou,2011.09.17,12,/fightcenter/events/ufc-fight-night-25-battle-on-the-bayou
545,UFC 134,Silva vs. Okami,2011.08.27,12,/fightcenter/events/ufc-134-silva-vs-okami
546,UFC on Versus 5,Hardy vs. Lytle,2011.08.14,12,/fightcenter/events/ufc-on-versus-5
547,UFC 133,Evans vs. Ortiz 2,2011.08.06,11,/fightcenter/events/ufc-133
548,UFC 132,Cruz vs Faber II,2011.07.02,11,/fightcenter/events/ufc-132-cruz-vs-faber-ii
549,UFC on Versus 4,Barry vs. Kongo,2011.06.26,11,/fightcenter/events/ufc-on-versus-4-marquardt-vs-johnson
550,UFC 131,Carwin vs. Dos Santos,2011.06.11,12,/fightcenter/events/ufc-131-lesnar-vs-dos-santos
552,UFC 130,Rampage vs Hamill,2011.05.28,10,/fightcenter/events/ufc-130-edgar-vs-maynard-3
553,UFC 129,St. Pierre vs. Shields,2011.04.30,12,/fightcenter/events/ufc-129-st-pierre-vs-shields
554,UFC Fight Night 24,Nogueira vs. Davis,2011.03.26,12,/fightcenter/events/ufc-fight-night-24
555,UFC 128,Shogun vs Jones,2011.03.19,12,/fightcenter/events/ufc-128-shogun-vs-jones
556,UFC 128,(cancelled),2011.03.12,0,/fightcenter/events/ufc-128-cancelled
557,UFC on Versus 3,Sanchez vs Kampmann,2011.03.03,11,/fightcenter/events/ufc-on-versus-3-sanchez-vs-kampmann
559,UFC 127,Penn vs Fitch,2011.02.26,12,/fightcenter/events/ufc-127-penn-vs-fitch
566,UFC 126,Silva vs. Belfort,2011.02.05,11,/fightcenter/events/ufc-126-silva-vs-belfort
570,UFC Fight Night 23,Fight for the Troops 2,2011.01.22,11,/fightcenter/events/ufc-fight-night-23-fight-for-the-troops-2
571,UFC 125,Resolution,2011.01.01,11,/fightcenter/events/ufc-125-resolution
572,UFC 124,St. Pierre vs. Koscheck 2,2010.12.11,11,/fightcenter/events/ufc-124-st-pierre-vs-koscheck-2
574,UFC 123,Rampage vs. Machida,2010.11.20,11,/fightcenter/events/ufc-123-rampage-vs-machida
575,UFC 122,Marquardt vs. Okami,2010.11.13,10,/fightcenter/events/ufc-122-marquardt-vs-okami
576,UFC 121,Lesnar vs. Velasquez,2010.10.23,11,/fightcenter/events/ufc-121-lesnar-vs-velasquez
577,UFC 120,Bisping vs. Akiyama,2010.10.16,10,/fightcenter/events/ufc-120-bisping-vs-akiyama
578,UFC 119,Mir vs Cro Cop,2010.09.25,11,/fightcenter/events/ufc-119-mir-vs-cro-cop
579,UFC Fight Night 22,Marquardt vs. Palhares,2010.09.15,10,/fightcenter/events/ufc-fight-night-22
580,UFC 118,Edgar vs. Penn 2,2010.08.28,10,/fightcenter/events/ufc-118-edgar-vs-penn-2
581,UFC 117,Silva vs Sonnen,2010.08.07,11,/fightcenter/events/ufc-117-silva-vs-sonnen
582,UFC on Versus 2,Jones vs. Matyushenko,2010.08.01,10,/fightcenter/events/ufc-on-versus-2-jones-vs-matyushenko
586,UFC 116,Lesnar vs Carwin,2010.07.03,11,/fightcenter/events/ufc-116-lesnar-vs-carwin
594,UFC 115,Liddell vs Franklin,2010.06.12,11,/fightcenter/events/ufc-115-liddell-vs-franklin
597,UFC 114,Jackson vs Evans,2010.05.29,11,/fightcenter/events/ufc-114-jackson-vs-evans
598,UFC 113,Machida vs Shogun 2,2010.05.08,11,/fightcenter/events/ufc-113-machida-vs-shogun-2
599,UFC 112,Invincible,2010.04.10,10,/fightcenter/events/ufc-112-invincible
600,UFC Fight Night 21,Florian vs Gomi,2010.03.31,11,/fightcenter/events/ufc-fight-night-21-florian-vs-gomi
601,UFC 111,St-Pierre vs Hardy,2010.03.27,10,/fightcenter/events/ufc-111-st-pierre-vs-hardy
602,UFC on Versus 1,Vera vs Jones,2010.03.21,11,/fightcenter/events/ufc-on-versus-1-vera-vs-jones
603,UFC 110,Nogueira vs. Velasquez,2010.02.20,9,/fightcenter/events/ufc-110-nogueira-vs-velasquez
604,UFC 109,Relentless,2010.02.06,11,/fightcenter/events/ufc-109-relentless
606,UFC Fight Night 20,Maynard vs Diaz,2010.01.11,11,/fightcenter/events/ufc-fight-night-20-maynard-vs-diaz
607,UFC 108,Evans vs Silva,2010.01.02,10,/fightcenter/events/ufc-108-evans-vs-silva
608,UFC 107,Penn vs. Sanchez,2009.12.12,11,/fightcenter/events/ufc-107-penn-vs-sanchez
610,UFC 106,Ortiz vs Griffin 2,2009.11.21,10,/fightcenter/events/ufc-106-ortiz-vs-griffin-2
611,UFC 105,Couture vs Vera,2009.11.14,11,/fightcenter/events/ufc-105-couture-vs-vera
612,UFC 104,Machida vs Shogun,2009.10.24,11,/fightcenter/events/ufc-104-machida-vs-shogun
613,UFC 103,Franklin vs. Belfort,2009.09.19,13,/fightcenter/events/ufc-103-franklin-vs-belfort
614,UFC Fight Night 19,Diaz vs. Guillard,2009.09.16,10,/fightcenter/events/ufc-fight-night-19-diaz-vs-guillard
615,UFC 102,Couture vs. Nogueira,2009.08.29,11,/fightcenter/events/ufc-102-couture-vs-nogueira
616,UFC 101,Declaration,2009.08.08,11,/fightcenter/events/ufc-101-declaration
617,UFC 100,,2009.07.11,11,/fightcenter/events/ufc-100
625,UFC 99,The Comeback,2009.06.13,12,/fightcenter/events/ufc-99-the-comeback
629,UFC 98,Evans vs. Machida,2009.05.23,11,/fightcenter/events/ufc-98-evans-vs-machida
630,UFC 97,Redemption,2009.04.18,12,/fightcenter/events/ufc-97-redemption
631,UFC Fight Night 18,Condit vs. Kampmann,2009.04.01,11,/fightcenter/events/ufc-fight-night-18-condit-vs-kampmann
632,UFC 96,Jackson vs. Jardine,2009.03.07,10,/fightcenter/events/ufc-96-jackson-vs-jardine
635,UFC 95,Sanchez vs. Stevenson,2009.02.21,10,/fightcenter/events/ufc-95-sanchez-vs-stevenson
639,UFC Fight Night 17,Lauzon vs. Stephens,2009.02.07,10,/fightcenter/events/ufc-fight-night-17-lauzon-vs-stephens
642,UFC 94,St-Pierre vs. Penn 2,2009.01.31,10,/fightcenter/events/ufc-94-st-pierre-vs-penn-2
646,UFC 93,Franklin vs. Henderson,2009.01.17,10,/fightcenter/events/ufc-93-franklin-vs-henderson
647,UFC 92,The Ultimate 2008,2008.12.27,10,/fightcenter/events/ufc-92-the-ultimate-2008
649,UFC Fight Night 16,Fight for the Troops,2008.12.10,10,/fightcenter/events/ufc-fight-night-16-fight-for-the-troops
650,UFC 91,Couture vs Lesnar,2008.11.15,9,/fightcenter/events/ufc-91-couture-vs-lesnar
651,UFC 90,Silva vs Cote,2008.10.25,10,/fightcenter/events/ufc-90-silva-vs-cote
652,UFC 89,Bisping vs Leben,2008.10.18,11,/fightcenter/events/ufc-89-bisping-vs-leben
653,UFC Fight Night 15,Diaz vs. Neer,2008.09.17,10,/fightcenter/events/ufc-fight-night-15
654,UFC 88,Breakthrough,2008.09.06,9,/fightcenter/events/ufc-88-breakthrough
655,UFC 87,Seek and Destroy,2008.08.09,10,/fightcenter/events/ufc-87-seek-and-destroy
656,UFC Fight Night 14,Silva vs. Irvin,2008.07.19,11,/fightcenter/events/ufc-fight-night-14-silva-vs-irvin
657,UFC 86,Jackson vs. Griffin,2008.07.05,9,/fightcenter/events/ufc-86-jackson-vs-griffin
666,UFC 85,Bedlam,2008.06.07,11,/fightcenter/events/ufc-85-bedlam
670,UFC 84,Ill Will,2008.05.24,11,/fightcenter/events/ufc-84-ill-will
672,UFC 83,Serra vs. St. Pierre 2,2008.04.19,11,/fightcenter/events/ufc-83-serra-vs-st-pierre-2
674,UFC Fight Night 13,Florian vs. Lauzon,2008.04.02,12,/fightcenter/events/ufc-fight-night-13-florian-vs-lauzon
677,UFC 82,Pride of a Champion,2008.03.01,10,/fightcenter/events/ufc-82-pride-of-a-champion
685,UFC 81,Breaking Point,2008.02.02,9,/fightcenter/events/ufc-81-breaking-point
688,UFC Fight Night 12,Swick vs. Burkman,2008.01.23,9,/fightcenter/events/ufc-fight-night-12-swick-vs-burkman
689,UFC 80,Rapid Fire,2008.01.19,9,/fightcenter/events/ufc-80-rapid-fire
690,UFC 79,Nemesis,2007.12.29,10,/fightcenter/events/ufc-79-nemesis
692,UFC 78,Validation,2007.11.17,9,/fightcenter/events/ufc-78-validation
694,UFC 77,Hostile Territory,2007.10.20,9,/fightcenter/events/ufc-77-hostile-territory
695,UFC 76,Knockout,2007.09.22,9,/fightcenter/events/ufc-76-knockout
696,UFC Fight Night 11,Thomas vs Florian,2007.09.19,9,/fightcenter/events/ufc-fight-night-11-thomas-vs-florian
697,UFC 75,Champion vs Champion,2007.09.08,9,/fightcenter/events/ufc-75-champion-vs-champion
698,UFC 74,Respect,2007.08.25,9,/fightcenter/events/ufc-74-respect
702,UFC 73,Stacked,2007.07.07,9,/fightcenter/events/ufc-73-stacked
710,UFC 72,Victory,2007.06.16,8,/fightcenter/events/ufc-72-victory
712,UFC Fight Night 10,Stout vs Fisher,2007.06.12,9,/fightcenter/events/ufc-fight-night-10-stout-vs-fisher
714,UFC 71,Liddell vs Jackson,2007.05.26,9,/fightcenter/events/ufc-71-liddell-vs-jackson
716,UFC 70,Nations Collide,2007.04.21,10,/fightcenter/events/ufc-70-nations-collide
717,UFC 69,Shootout,2007.04.07,9,/fightcenter/events/ufc-69-shootout
718,UFC Fight Night 9,Stevenson vs Guillard,2007.04.05,9,/fightcenter/events/ufc-fight-night-9-stevenson-vs-guillard
719,UFC 68,Uprising,2007.03.03,9,/fightcenter/events/ufc-68-uprising
726,UFC 67,All or Nothing,2007.02.03,9,/fightcenter/events/ufc-67-all-or-nothing
730,UFC Fight Night 8,Evans vs Salmon,2007.01.25,8,/fightcenter/events/ufc-fight-night-8-evans-vs-salmon
731,UFC 66,Liddell vs. Ortiz 2,2006.12.30,9,/fightcenter/events/ufc-66-liddell-vs-ortiz-2
732,UFC Fight Night 7,Sanchez vs Riggs,2006.12.13,9,/fightcenter/events/ufc-fight-night-7-sanchez-vs-riggs
734,UFC 65,Bad Intentions,2006.11.18,9,/fightcenter/events/ufc-65-bad-intentions
736,UFC 64,Unstoppable,2006.10.14,8,/fightcenter/events/ufc-64-unstoppable
737,UFC The Final Chapter,Ortiz vs Shamrock 3,2006.10.10,9,/fightcenter/events/ufc-the-final-chapter-ortiz-vs-shamrock-3
738,UFC 63,Hughes vs Penn,2006.09.23,9,/fightcenter/events/ufc-63-hughes-vs-penn
739,UFC 62,Liddell vs Sobral,2006.08.26,9,/fightcenter/events/ufc-62-liddell-vs-sobral
740,UFC Fight Night 6,Sanchez vs Parisyan,2006.08.17,9,/fightcenter/events/ufc-fight-night-6-sanchez-vs-parisyan
741,UFC 61,Bitter Rivals,2006.07.08,9,/fightcenter/events/ufc-61-bitter-rivals
742,UFC Fight Night 5,Leben vs. Silva,2006.06.28,9,/fightcenter/events/ufc-fight-night-5-leben-vs-silva
754,UFC 60,Hughes vs Gracie,2006.05.27,9,/fightcenter/events/ufc-60-hughes-vs-gracie
756,UFC 59,Reality Check,2006.04.15,9,/fightcenter/events/ufc-59-reality-check
758,UFC Fight Night 4,,2006.04.06,9,/fightcenter/events/ufc-fight-night-4
759,UFC 58,USA vs Canada,2006.03.04,8,/fightcenter/events/ufc-58-usa-vs-canada
768,UFC 57,Liddell vs. Couture 3,2006.02.04,9,/fightcenter/events/ufc-57-liddell-vs-couture-3
774,UFC Fight Night 3,,2006.01.16,8,/fightcenter/events/ufc-fight-night-3
776,UFC 56,Full Force,2005.11.19,8,/fightcenter/events/ufc-56-full-force
779,UFC 55,Fury,2005.10.07,8,/fightcenter/events/ufc-55-fury
781,UFC Fight Night 2,,2005.10.03,7,/fightcenter/events/ufc-fight-night-2
782,UFC 54,Boiling Point,2005.08.20,8,/fightcenter/events/ufc-54-boiling-point
783,UFC Fight Night 1,,2005.08.06,8,/fightcenter/events/ufc-fight-night-1
794,UFC 53,Heavy Hitters,2005.06.04,8,/fightcenter/events/ufc-53-heavy-hitters
795,UFC 52,Couture vs. Liddell 2,2005.04.16,8,/fightcenter/events/ufc-52-couture-vs-liddell-2
797,UFC 51,Super Saturday,2005.02.05,9,/fightcenter/events/ufc-51-super-saturday
803,UFC 50,The War of '04,2004.10.22,7,/fightcenter/events/ufc-50-the-war-of-04
809,UFC 49,Unfinished Business,2004.08.21,8,/fightcenter/events/ufc-49-unfinished-business
810,UFC 48,Payback,2004.06.19,8,/fightcenter/events/ufc-48-payback
811,UFC 47,It's On!,2004.04.02,8,/fightcenter/events/ufc-47-its-on
812,UFC 46,Supernatural,2004.01.31,8,/fightcenter/events/ufc-46-supernatural
813,UFC 45,Revolution,2003.11.21,8,/fightcenter/events/ufc-45-revolution
814,UFC 44,Undisputed,2003.09.26,9,/fightcenter/events/ufc-44-undisputed
815,UFC 43,Meltdown,2003.06.06,8,/fightcenter/events/ufc-43-meltdown
816,UFC 42,Sudden Impact,2003.04.25,8,/fightcenter/events/ufc-42-sudden-impact
817,UFC 41,Onslaught,2003.02.28,8,/fightcenter/events/ufc-41-onslaught
818,UFC 40,Vendetta,2002.11.22,8,/fightcenter/events/ufc-40-vendetta
819,UFC 39,The Warriors Return,2002.09.27,8,/fightcenter/events/ufc-39-the-warriors-return
820,UFC 38,Brawl at the Hall,2002.07.13,7,/fightcenter/events/ufc-38-brawl-at-the-hall
821,UFC 37.5,As Real As It Gets,2002.06.22,6,/fightcenter/events/ufc-375-as-real-as-it-gets
822,UFC 37,High Impact,2002.05.10,8,/fightcenter/events/ufc-37-high-impact
823,UFC 36,Worlds Collide,2002.03.22,8,/fightcenter/events/ufc-36-worlds-collide
824,UFC 35,Throwdown,2002.01.11,8,/fightcenter/events/ufc-35-throwdown
825,UFC 34,High Voltage,2001.11.02,8,/fightcenter/events/ufc-34-high-voltage
826,UFC 33,Victory in Vegas,2001.09.28,8,/fightcenter/events/ufc-33-victory-in-vegas
827,UFC 32,Showdown in the Meadowlands,2001.06.29,8,/fightcenter/events/ufc-32-showdown-in-the-meadowlands
828,UFC 31,Locked and Loaded,2001.05.04,8,/fightcenter/events/ufc-31-locked-and-loaded
829,UFC 30,Battle on the Boardwalk,2001.02.23,8,/fightcenter/events/ufc-30-battle-on-the-boardwalk
830,UFC 29,Defense of the Belts,2000.12.16,7,/fightcenter/events/ufc-29-defense-of-the-belts
831,UFC 28,High Stakes,2000.11.17,7,/fightcenter/events/ufc-28-high-stakes
832,UFC 27,Ultimate Bad Boyz,2000.09.22,8,/fightcenter/events/ufc-27-ultimate-bad-boyz
833,UFC 26,Ultimate Field of Dreams,2000.06.09,8,/fightcenter/events/ufc-26-ultimate-field-of-dreams
834,UFC 25,Ultimate Japan 3,2000.04.14,6,/fightcenter/events/ufc-25-ultimate-japan-3
835,UFC 24,First Defense,2000.03.10,7,/fightcenter/events/ufc-24-first-defense
836,UFC 23,Ultimate Japan 2,1999.11.19,7,/fightcenter/events/ufc-23-ultimate-japan-2
837,UFC 22,Only One Can be Champion,1999.09.24,8,/fightcenter/events/ufc-22-only-one-can-be-champion
838,UFC 21,Return of the Champions,1999.07.16,8,/fightcenter/events/ufc-21-return-of-the-champions
839,UFC 20,Battle for the Gold,1999.05.07,7,/fightcenter/events/ufc-20-battle-for-the-gold
840,UFC 19,Ultimate Young Guns,1999.03.05,7,/fightcenter/events/ufc-19-ultimate-young-guns
841,UFC 18,The Road to the Heavyweight Title,1999.01.08,7,/fightcenter/events/ufc-18-the-road-to-the-heavyweight-title
842,UFC 17.5,Ultimate Brazil,1998.10.16,8,/fightcenter/events/ufc-175-ultimate-brazil
844,UFC 17,Redemption,1998.05.15,9,/fightcenter/events/ufc-17-redemption
845,UFC 16,Battle in the Bayou,1998.03.13,8,/fightcenter/events/ufc-16-battle-in-the-bayou
846,UFC 15.5,Ultimate Japan,1997.12.21,7,/fightcenter/events/ufc-155-ultimate-japan
847,UFC 15,Collision Course,1997.10.17,7,/fightcenter/events/ufc-15-collision-course
848,UFC 14,Showdown,1997.07.27,9,/fightcenter/events/ufc-14-showdown
849,UFC 13,Ultimate Force,1997.05.30,9,/fightcenter/events/ufc-13-ultimate-force
850,UFC 12,Judgement Day,1997.02.07,9,/fightcenter/events/ufc-12-judgement-day
851,UFC 11.5,Ultimate Ultimate 1996,1996.12.07,10,/fightcenter/events/ufc-115-ultimate-ultimate-1996
852,UFC 11,The Proving Ground,1996.09.20,8,/fightcenter/events/ufc-11-the-proving-ground
853,UFC 10,The Tournament,1996.07.12,9,/fightcenter/events/ufc-10-the-tournament
854,UFC 9,Motor City Madness,1996.05.17,7,/fightcenter/events/ufc-9-motor-city-madness
855,UFC 8,David vs Goliath,1996.02.16,9,/fightcenter/events/ufc-8-david-vs-goliath
856,UFC 7.5,Ultimate Ultimate 1995,1995.12.16,9,/fightcenter/events/ufc-75-ultimate-ultimate-1995
857,UFC 7,The Brawl in Buffalo,1995.09.08,11,/fightcenter/events/ufc-7-the-brawl-in-buffalo
858,UFC 6,Clash of the Titans,1995.07.14,10,/fightcenter/events/ufc-6-clash-of-the-titans
859,UFC 5,Return of the Beast,1995.04.07,10,/fightcenter/events/ufc-5-return-of-the-beast
860,UFC 4,Revenge of the Warriors,1994.12.16,10,/fightcenter/events/ufc-4-revenge-of-the-warriors
861,UFC 3,The American Dream,1994.09.09,6,/fightcenter/events/ufc-3-the-american-dream
862,UFC 2,No Way Out,1994.03.11,15,/fightcenter/events/ufc-2-no-way-out
863,UFC 1,The Beginning,1993.11.12,8,/fightcenter/events/ufc-1-the-beginning
